Machine_ID,Plant_Name,Line_ID,Machine_Type,Total_Failures,MTTR_Minutes,MTBF_Minutes,MTTR_Hours,MTBF_Hours
MCH-0081,Plant-Nagoya,Line-5,"Welding Robot",4955,21.39,123.14,0.36,2.05
MCH-0063,Plant-Tokyo,Line-8,"CNC Lathe",4829,22.88,126.33,0.38,2.11
MCH-0094,Plant-Osaka,Line-7,"Stamping Press",4828,21.67,126.29,0.36,2.10
MCH-0035,Plant-Osaka,Line-7,"Welding Robot",4824,22.13,126.50,0.37,2.11
MCH-0002,Plant-Fukuoka,Line-2,"Welding Robot",4822,22.36,126.50,0.37,2.11
MCH-0006,Plant-Fukuoka,Line-2,"CNC Lathe",4814,22.42,126.73,0.37,2.11
MCH-0071,Plant-Osaka,Line-8,"Stamping Press",4814,21.84,126.77,0.36,2.11
MCH-0067,Plant-Fukuoka,Line-8,"Welding Robot",4811,22.74,126.84,0.38,2.11
MCH-0056,Plant-Fukuoka,Line-2,"Injection Molding",4809,21.87,126.87,0.36,2.11
MCH-0091,Plant-Fukuoka,Line-7,"CNC Lathe",4806,22.26,126.87,0.37,2.11
MCH-0021,Plant-Osaka,Line-8,"Injection Molding",4801,22.62,127.10,0.38,2.12
MCH-0088,Plant-Tokyo,Line-7,"CNC Lathe",4801,21.93,127.04,0.37,2.12
MCH-0025,Plant-Fukuoka,Line-5,"Stamping Press",4799,22.11,127.12,0.37,2.12
MCH-0054,Plant-Fukuoka,Line-3,"CNC Lathe",4797,21.95,127.16,0.37,2.12
MCH-0057,Plant-Fukuoka,Line-7,"Injection Molding",4790,22.11,127.35,0.37,2.12
MCH-0074,Plant-Osaka,Line-4,"Welding Robot",4789,22.44,127.39,0.37,2.12
MCH-0060,Plant-Tokyo,Line-4,"Injection Molding",4787,22.51,127.39,0.38,2.12
MCH-0092,Plant-Fukuoka,Line-3,"Injection Molding",4779,23.00,127.67,0.38,2.13
MCH-0089,Plant-Fukuoka,Line-7,"CNC Lathe",4778,21.94,127.72,0.37,2.13
MCH-0014,Plant-Nagoya,Line-6,"Injection Molding",4777,22.31,127.76,0.37,2.13
MCH-0024,Plant-Fukuoka,Line-7,"Welding Robot",4772,22.25,127.84,0.37,2.13
MCH-0043,Plant-Osaka,Line-4,"Welding Robot",4771,21.84,127.83,0.36,2.13
MCH-0038,Plant-Tokyo,Line-1,"Stamping Press",4771,22.62,127.86,0.38,2.13
MCH-0099,Plant-Osaka,Line-5,"CNC Lathe",4769,22.22,127.92,0.37,2.13
MCH-0032,Plant-Tokyo,Line-5,"Welding Robot",4768,21.91,127.96,0.37,2.13
MCH-0026,Plant-Osaka,Line-8,"Stamping Press",4761,21.52,128.14,0.36,2.14
MCH-0028,Plant-Osaka,Line-1,"Stamping Press",4758,21.89,128.22,0.36,2.14
MCH-0007,Plant-Tokyo,Line-6,"Welding Robot",4757,22.45,128.21,0.37,2.14
MCH-0078,Plant-Fukuoka,Line-3,"Stamping Press",4756,22.61,128.26,0.38,2.14
MCH-0055,Plant-Nagoya,Line-5,"CNC Lathe",4755,22.25,128.28,0.37,2.14
MCH-0069,Plant-Fukuoka,Line-7,"Injection Molding",4750,21.67,128.43,0.36,2.14
MCH-0042,Plant-Nagoya,Line-1,"Injection Molding",4750,21.30,128.43,0.36,2.14
MCH-0005,Plant-Nagoya,Line-2,"Welding Robot",4749,22.18,128.51,0.37,2.14
MCH-0011,Plant-Nagoya,Line-8,"Injection Molding",4746,21.48,128.51,0.36,2.14
MCH-0041,Plant-Nagoya,Line-8,"Stamping Press",4742,21.90,128.65,0.37,2.14
MCH-0072,Plant-Osaka,Line-5,"Welding Robot",4739,21.84,128.75,0.36,2.15
MCH-0080,Plant-Fukuoka,Line-3,"Stamping Press",4739,22.08,128.73,0.37,2.15
MCH-0034,Plant-Osaka,Line-5,"Welding Robot",4738,21.74,128.75,0.36,2.15
MCH-0064,Plant-Tokyo,Line-4,"CNC Lathe",4736,22.33,128.85,0.37,2.15
MCH-0015,Plant-Fukuoka,Line-7,"Injection Molding",4732,22.31,128.93,0.37,2.15
MCH-0053,Plant-Nagoya,Line-1,"Welding Robot",4731,22.34,128.94,0.37,2.15
MCH-0012,Plant-Nagoya,Line-7,"Injection Molding",4729,22.51,129.05,0.38,2.15
MCH-0049,Plant-Osaka,Line-1,"CNC Lathe",4728,22.29,129.03,0.37,2.15
MCH-0018,Plant-Fukuoka,Line-6,"CNC Lathe",4726,21.94,129.14,0.37,2.15
MCH-0051,Plant-Nagoya,Line-3,"Stamping Press",4726,22.67,129.07,0.38,2.15
MCH-0073,Plant-Tokyo,Line-3,"Welding Robot",4724,22.49,129.16,0.37,2.15
MCH-0044,Plant-Fukuoka,Line-8,"CNC Lathe",4723,22.25,129.22,0.37,2.15
MCH-0086,Plant-Nagoya,Line-5,"Injection Molding",4723,22.81,129.17,0.38,2.15
MCH-0097,Plant-Osaka,Line-2,"Stamping Press",4721,21.98,129.19,0.37,2.15
MCH-0068,Plant-Tokyo,Line-7,"Welding Robot",4720,22.16,129.26,0.37,2.15
MCH-0084,Plant-Fukuoka,Line-3,"Injection Molding",4714,21.91,129.45,0.37,2.16
MCH-0062,Plant-Nagoya,Line-1,"Stamping Press",4713,21.45,129.44,0.36,2.16
MCH-0022,Plant-Tokyo,Line-5,"Injection Molding",4713,21.89,129.49,0.36,2.16
MCH-0001,Plant-Nagoya,Line-7,"Injection Molding",4713,22.66,129.37,0.38,2.16
MCH-0010,Plant-Osaka,Line-7,"CNC Lathe",4712,21.96,129.49,0.37,2.16
MCH-0013,Plant-Nagoya,Line-8,"CNC Lathe",4712,22.15,129.38,0.37,2.16
MCH-0030,Plant-Fukuoka,Line-4,"CNC Lathe",4707,22.32,129.66,0.37,2.16
MCH-0039,Plant-Tokyo,Line-7,"Injection Molding",4705,22.51,129.70,0.38,2.16
MCH-0020,Plant-Nagoya,Line-5,"Injection Molding",4704,22.17,129.63,0.37,2.16
MCH-0016,Plant-Tokyo,Line-4,"CNC Lathe",4703,22.20,129.73,0.37,2.16
MCH-0047,Plant-Fukuoka,Line-3,"CNC Lathe",4699,21.72,129.83,0.36,2.16
MCH-0085,Plant-Nagoya,Line-1,"Stamping Press",4697,22.49,129.85,0.37,2.16
MCH-0079,Plant-Nagoya,Line-1,"CNC Lathe",4695,22.07,129.97,0.37,2.17
MCH-0076,Plant-Osaka,Line-6,"Welding Robot",4694,21.98,129.99,0.37,2.17
MCH-0059,Plant-Nagoya,Line-1,"Welding Robot",4694,22.32,129.90,0.37,2.17
MCH-0023,Plant-Osaka,Line-2,"Stamping Press",4693,23.07,129.99,0.38,2.17
MCH-0075,Plant-Tokyo,Line-8,"CNC Lathe",4690,22.67,130.01,0.38,2.17
MCH-0031,Plant-Tokyo,Line-4,"Stamping Press",4689,22.29,130.14,0.37,2.17
MCH-0087,Plant-Osaka,Line-2,"CNC Lathe",4688,22.08,130.06,0.37,2.17
MCH-0009,Plant-Nagoya,Line-6,"Stamping Press",4688,22.32,130.13,0.37,2.17
MCH-0048,Plant-Nagoya,Line-3,"CNC Lathe",4686,22.44,130.18,0.37,2.17
MCH-0082,Plant-Fukuoka,Line-7,"Welding Robot",4685,22.36,130.23,0.37,2.17
MCH-0083,Plant-Tokyo,Line-6,"Stamping Press",4681,22.50,130.37,0.38,2.17
MCH-0046,Plant-Fukuoka,Line-7,"Stamping Press",4674,22.11,130.56,0.37,2.18
MCH-0052,Plant-Osaka,Line-3,"CNC Lathe",4672,22.73,130.61,0.38,2.18
MCH-0045,Plant-Fukuoka,Line-8,"Injection Molding",4666,21.73,130.75,0.36,2.18
MCH-0008,Plant-Tokyo,Line-4,"Welding Robot",4666,21.68,130.75,0.36,2.18
MCH-0050,Plant-Osaka,Line-8,"Injection Molding",4665,21.74,130.78,0.36,2.18
MCH-0077,Plant-Fukuoka,Line-3,"CNC Lathe",4664,22.96,130.76,0.38,2.18
MCH-0090,Plant-Osaka,Line-6,"Welding Robot",4664,23.32,130.80,0.39,2.18
MCH-0098,Plant-Fukuoka,Line-4,"Injection Molding",4664,22.52,130.85,0.38,2.18
MCH-0061,Plant-Nagoya,Line-7,"CNC Lathe",4659,22.05,130.98,0.37,2.18
MCH-0029,Plant-Fukuoka,Line-4,"CNC Lathe",4659,21.74,130.99,0.36,2.18
MCH-0096,Plant-Osaka,Line-2,"Welding Robot",4659,21.93,130.95,0.37,2.18
MCH-0065,Plant-Nagoya,Line-2,"Injection Molding",4654,22.12,131.13,0.37,2.19
MCH-0058,Plant-Tokyo,Line-2,"Stamping Press",4647,22.30,131.33,0.37,2.19
MCH-0093,Plant-Osaka,Line-1,"CNC Lathe",4644,21.96,131.42,0.37,2.19
MCH-0004,Plant-Nagoya,Line-4,"CNC Lathe",4643,21.88,131.41,0.36,2.19
MCH-0100,Plant-Tokyo,Line-3,"Welding Robot",4643,22.38,131.44,0.37,2.19
MCH-0003,Plant-Tokyo,Line-2,"Injection Molding",4642,22.48,131.46,0.37,2.19
MCH-0019,Plant-Fukuoka,Line-8,"Welding Robot",4640,22.53,131.53,0.38,2.19
MCH-0027,Plant-Osaka,Line-2,"CNC Lathe",4618,21.30,132.15,0.36,2.20
MCH-0095,Plant-Osaka,Line-7,"Stamping Press",4618,22.30,132.14,0.37,2.20
MCH-0040,Plant-Nagoya,Line-1,"Welding Robot",4613,22.22,132.18,0.37,2.20
MCH-0066,Plant-Osaka,Line-1,"Stamping Press",4608,22.53,132.41,0.38,2.21
MCH-0036,Plant-Tokyo,Line-5,"Welding Robot",4604,21.95,132.54,0.37,2.21
MCH-0017,Plant-Fukuoka,Line-1,"Welding Robot",4592,23.09,132.90,0.38,2.22
MCH-0033,Plant-Fukuoka,Line-1,"Welding Robot",4589,22.26,132.86,0.37,2.21
MCH-0037,Plant-Fukuoka,Line-1,"Stamping Press",4587,21.99,133.01,0.37,2.22
MCH-0070,Plant-Osaka,Line-6,"Injection Molding",4576,21.88,133.39,0.36,2.22
